entry_id,formula,band_gap,avg_atomic_number,avg_atomic_mass,ntypes,a,b,c,volume,density,c_over_a,b_over_a
17353,ZnTe,1.453,41.0,96.50450000000001,2.0,4.339490274511282,4.339490274511282,4.339490274511282,57.78314294296128,5.546582771891626,1.0,1.0
13784,NbS,0.0,28.5,62.48569,2.0,3.306079,3.306163773637961,3.323989,31.46527035107842,6.595203431320114,1.0054172934161585,1.000025641745996
4578,MnSe,0.0,29.5,66.9490225,2.0,3.7972539246397523,3.7972539246397523,3.7972539246397523,38.71630665838709,5.742875655375619,1.0,1.0
7652,ZnS,2.319,23.0,48.737,2.0,3.836050045296333,3.836050045296333,3.836050045296333,39.91515271858397,4.055086206110103,1.0,1.0
18905,ZrS,0.0,28.0,61.6445,2.0,3.707003057729788,3.707003057729788,3.707003057729788,36.02083988941967,5.683548798322486,1.0,1.0
4138,ScS,0.0,18.5,38.510456,2.0,3.6838410680052416,3.6838410680052416,3.6838410680052416,35.34985670257193,3.618012785057314,1.0,1.0
22268,CrTe,0.0,38.0,89.79804999999999,2.0,4.399550510291705,4.399550510291705,4.399550510291705,60.21572594855825,4.952632156763088,1.0,1.0
18159,YTe,0.0,45.5,108.252925,2.0,4.364335178375052,4.364335178375052,4.364335178375052,58.781314319336374,6.116168492280013,1.0,1.0
7523,ZnSe,1.499,32.0,72.1845,2.0,4.044353803538953,4.044353803538953,4.044353803538953,46.77700646073747,5.124961663421758,1.0,1.0
22310,MnTe,0.0,38.5,91.2690225,2.0,4.467280026220878,4.467280026220878,4.467280026220878,63.039757212240964,4.808260194693759,1.0,1.0
13691,MnS,0.0,20.5,43.5015225,2.0,3.9641198112912788,3.9641198112912788,3.9641198112912788,44.04791119456561,3.2798820970046134,1.0,1.0
31237,ZrTe,0.0,46.0,109.412,2.0,3.796166,3.7962576319334547,3.9008,48.684272315428565,7.463720498132935,1.02756307284771,1.0000241380206911
18108,YSe,0.0,36.5,83.932925,2.0,4.077725000970271,4.077725000970271,4.077725000970271,47.94450110667808,5.813968147092433,1.0,1.0
29771,Cu2S,0.0,24.666666666666664,53.05233333333333,2.0,3.933869783192118,3.933869783192118,3.933869783192118,43.04720339192223,6.139456126473792,1.0,1.0
5066,Te2Rh,0.0,49.666666666666664,119.3685,2.0,3.9579310012632862,3.957827487478074,5.449059001486128,73.92324165864134,8.044130103101597,1.3767443140739204,0.9999738464907096
30525,HfSe2,0.591,46.666666666666664,112.13666666666666,2.0,3.7489470050384814,3.7489075111713546,6.277086010592495,76.4019169414909,7.31162214952242,1.6743597607958352,0.9999894653439823
7378,MnTePd,0.0,41.0,96.31934833333332,3.0,4.4698892502434555,4.4698892502434555,4.4698892502434555,63.15028147176433,7.598162855628482,1.0,1.0
27515,VTe2,0.0,42.33333333333333,102.04716666666667,2.0,3.669902001746368,3.669838055621801,6.684679003707732,77.96776509540632,6.520129450237678,1.8214870589260272,0.9999825755225789
5068,MoS2,0.0,24.666666666666664,53.35666666666666,2.0,3.173254366622695,3.173254,6.559663010559689,54.92702215818151,4.839193502909249,2.0671721370830918,0.9999998844647632
6396,Te2Ir,0.0,60.33333333333333,149.139,2.0,3.9659620011973136,3.9658573281359986,5.438963001344466,74.08600951015546,10.028255179503734,1.3714107698718387,0.9999736071446768
30523,HfS2,1.349,34.666666666666664,80.87333333333333,2.0,3.6379890060852302,3.638283679412588,6.076964004833088,69.65679765562419,5.783785681523376,1.6704184632411496,1.0000809989603774
31036,TaS2,0.0,35.0,81.69262666666665,2.0,6.455256398753035,6.455257289237897,6.455257210899887,60.105144010067455,6.7708247167650475,1.0000001258117108,1.000000137947249
5145,TiSe2,0.0,29.999999999999996,68.59566666666666,2.0,3.517227005551106,3.517171738911252,6.146489011795352,65.8497275501435,5.189351058675644,1.7475383312179116,0.9999842868715136
7680,NbS2,0.0,24.333333333333332,52.345459999999996,2.0,3.3449229973779664,3.344923,6.321836652698012,58.32753802641108,4.47070205695449,1.8899797267840255,1.0000000007838845
31059,TaSe2,0.0,47.0,112.95595999999999,2.0,3.4854960027892727,3.485461449272535,6.473856005824427,68.11142304529547,8.261512221935005,1.8573700846719419,0.9999900864850483
3637,MoSe2,1.163,36.666666666666664,84.61999999999999,2.0,3.330448368941486,3.3303810015549273,6.879912068442227,63.45108643010371,6.6436127693478495,2.0657615150565642,0.9999797722771544
7473,PtSe2,0.0,48.666666666666664,117.66799999999998,2.0,3.7789140010704134,3.7788396216882507,5.128734001490914,63.426261530990594,9.241864794421545,1.3571978616179545,0.9999803172598949
13789,NbSe2,0.0,36.33333333333333,83.60879333333332,2.0,3.4796490028797447,3.4796138966277566,6.534614006017877,68.52019230584045,6.078602372373554,1.8779520579833928,0.999989910978964
15433,VS2,0.0,18.333333333333332,38.357166666666664,2.0,3.1705880052747313,3.1705581973048536,5.881378011529356,51.2019729658068,3.731901534279418,1.8549802124226906,0.9999905985987999
29587,CrSe2,0.0,30.666666666666664,69.97203333333333,2.0,3.4803350006105735,3.4803737413434495,5.820253001593402,61.05451130852055,5.70922406509659,1.6723255090594222,1.000011131322953
3135,TiTe2,0.0,42.0,101.02233333333334,2.0,3.7513270156661895,3.7511476004546926,6.659782031945565,81.16084982256254,6.2007063146900885,1.7753136434475494,0.9999521728682284
10059,Cu2Se,0.0,30.666666666666664,68.684,2.0,4.075056379978073,4.075056379978073,4.075056379978073,47.850432486749995,7.150560161057033,1.0,1.0
30528,HfTe2,0.0,58.666666666666664,144.56333333333333,2.0,3.9631560060926194,3.9634057562037475,6.917580010480544,94.09908592487928,7.653200684381021,1.7454725475974309,1.0000630179863583
12890,YHSe,1.768,24.666666666666664,56.29126333333333,3.0,3.840814,3.8408542743991214,3.903109,49.8647832197893,5.623638726665589,1.0162192181136602,1.0000104859019785
14401,TiS2,0.0,18.0,37.33233333333333,2.0,3.391438,3.3967093010480007,8.813923392570757,85.92458965903657,2.1644024701172886,2.5988749883001714,1.0015542967461002
7474,PtS2,0.644,36.666666666666664,86.40466666666666,2.0,3.590516006081159,3.5903658572063373,5.093047010100437,56.8604058796496,7.570029927716044,1.4184721643001958,0.9999581818115927
10055,ZrS2,1.077,24.0,51.784666666666666,2.0,3.6774410077078055,3.677750061688532,5.943451008108589,69.61214878845645,3.7058385785065164,1.6161920736869184,1.0000840404999234
7477,Te2Pd,0.0,50.0,120.53999999999999,2.0,4.091933000100197,4.091943606076824,5.162205000157394,74.85548887822836,8.021911914565031,1.2615565797462935,1.0000025919233346
30790,NbTe2,0.0,48.33333333333333,116.03546,2.0,3.6840980020532843,3.684098969358587,7.07889000416619,83.20668450364771,6.94708901788979,1.9214716872951976,1.0000002625623157
22782,WS2,1.422,35.33333333333333,82.65666666666667,2.0,3.184945007810653,3.184945,6.644489176724498,56.09108835993994,7.340985617497354,2.0862178657495734,0.9999999975476334
18014,Te2Pt,0.0,60.666666666666664,150.09466666666665,2.0,4.0763940002312085,4.076460071437472,5.248233000093841,75.52674201318126,9.899992428894638,1.2874695134464842,1.0000162082483341
21534,NiS2,0.0,20.0,40.941133333333326,2.0,4.025689012942753,4.025689012942753,4.025689012942753,46.13235964817021,4.421041018344663,1.0,1.0
7815,NiTe2,0.0,44.0,104.63113333333332,2.0,3.8744430011388733,3.8743665373179397,5.258731001615789,68.36352311980177,7.62442060311482,1.3572869700418904,0.9999802645642455
13561,CrS2,0.0,18.666666666666664,38.70869999999999,2.0,3.2981639713364768,3.2981639713364768,10.699044066718484,100.55675415292076,1.9176427043186317,3.2439394037716793,1.0
19116,ZrSe2,0.641,36.0,83.048,2.0,3.7862230050082895,3.7861785791547127,6.32550301046154,78.52984199977301,5.268230971204554,1.670663086166445,0.9999882664456061
19653,TlCrTe2,0.0,52.25,127.89484999999999,3.0,4.086977003293388,4.086779240471156,7.900160004695601,114.27649943752297,7.433703208760674,1.9330081863268267,0.9999516114668439
19909,ScAgSe2,0.846,34.0,77.686028,3.0,3.9073950032804468,3.9072985818338735,6.619534006704777,87.52368194552638,5.895578510214019,1.6941041284915803,0.9999753233429197
17351,TiTe,0.0,37.0,87.73349999999999,2.0,3.614489,3.614515840735104,7.639724,86.43833156860016,6.741680537296012,2.1136387467218745,1.0000074258726763
6083,NaCrSe2,0.831,25.75,58.22646732,3.0,3.7593047039070937,3.759305,7.086173631284658,82.55929953444821,4.684503108687853,1.8849692135675797,1.0000000787626782
13780,NaVS2,0.0,16.5,34.515317319999994,3.0,3.5689227654580873,3.568923,6.8536864382349005,72.10371323897725,3.1795329428359467,1.9203795903258218,1.000000065717845
5065,TeRh,0.0,48.5,115.25274999999999,2.0,4.038324,4.038413051370551,5.718634,80.76775707875794,9.47812350360801,1.4160909327731008,1.0000220515665783
13781,NaYS2,2.395,20.5,44.00640482,3.0,3.97968088427012,3.979681,7.049279361478661,91.40763984715197,3.197735095600817,1.771317742922875,1.000000029080191
13782,NaVSe2,0.0,25.5,57.96281732,3.0,3.740592,3.7572802357616335,7.17275585897415,83.31351079575428,4.621076307322666,1.917545634213555,1.0044613889356642
8150,ScTe,0.0,36.5,86.27795599999999,2.0,4.116676,4.116889914327683,6.888637,101.10843657346975,5.667891684605608,1.673349323580481,1.0000519628767683
7898,CuAsSe2,0.399,32.5,74.0969,3.0,4.341144012569152,4.341144,6.410237847833885,96.29121932211115,5.1111949023831595,1.4766240947717866,0.9999999971046453
31236,ZrTe2,0.0,48.0,115.47466666666666,2.0,3.9633260031127895,3.96333492865415,6.982212006110169,94.98257748679536,6.056380039713222,1.7617051942298845,1.000002252033104
22266,CrCdTe2,0.0,44.0,104.901775,3.0,4.504065,4.504065,6.449052,130.82934813300628,5.325823242945866,1.4318292475796863,1.0
21493,ZnCdS2,1.578,27.5,60.4875,3.0,3.989874,3.989874,5.708519,90.87445362084432,4.421126199024965,1.4307516979232928,1.0
31062,TiSe,0.0,28.0,63.4135,2.0,3.446616,3.4467147160310496,6.864945,70.62688922516918,5.963767930440442,1.9917928193915422,1.000028641435846
5370,FeCuS2,0.0,21.75,45.88025,3.0,3.6711923419033767,3.6711923419033767,5.236833,70.58021909922996,4.317694027540813,1.4264665297500856,1.0
9510,CrSe,0.0,29.0,65.47805,2.0,3.741851,3.741923976293479,6.105469,74.03445717709167,5.874500297698727,1.6316707960846117,1.0000195027256507
15560,KMnTe2,0.0,37.0,87.30908625000001,3.0,4.31739,4.31739,7.737912802659448,132.53366625700573,4.375647422555694,1.7922663467186075,1.0
15561,RbMnTe2,0.0,41.5,98.90146125,3.0,4.385795,4.385787,7.925518985439944,140.29314022836022,4.682473857569364,1.807088335282416,0.9999981759293355
4843,KCrS2,1.246,18.75,38.8061,3.0,3.6615644836036956,3.6615644836036956,7.358155212101536,81.83254202231491,3.1498004862097293,2.0095659232688625,1.0
13823,NiTe,0.0,40.0,93.1467,2.0,3.849864,3.8498639782496213,7.038612917442471,85.72284238938916,7.217387113151355,1.8282757306342434,0.9999999943503514
3059,ScCuS2,1.27,20.5,43.157978,3.0,3.7403800001910237,3.740432750732995,6.003488000187974,72.73942666931181,3.940944375621533,1.6050476154512032,1.0000141029900622
19212,NaMnTe2,0.0,35.0,83.28195357,3.0,4.366964000097665,4.3669964553344895,7.534866000020306,124.44217630120481,4.445211157485278,1.7254243451175213,1.0000074319909262
7954,FeS,0.0,21.0,43.955,2.0,3.592578,3.592578,5.122173,66.10992351080894,4.41622019196225,1.4257652860981724,1.0
29590,TlCrSe2,0.0,43.25,103.57485,3.0,3.571195603452715,3.571196,8.692601297716006,93.26821827490706,7.376149696591812,2.4340871413797096,1.0000001110404833
5162,FeSe,0.0,30.0,67.4025,2.0,3.678768,3.678768,5.604768,75.85119732431602,5.902318673458833,1.5235448389243356,1.0
21319,CaZnSe2,1.632,29.5,65.85175,3.0,4.270934,4.270934,6.369225,116.18025129025261,3.76481897456274,1.4912955807792865,1.0
7476,TePt,0.0,65.0,161.34199999999998,2.0,3.999909,4.000703594817542,7.0944492807638,92.97364740938467,11.526478821595527,1.7736526707892104,1.0001986532237461
26547,ScTlSe2,0.842000000000001,42.5,101.81480299999998,3.0,3.953983,3.9539829889089053,8.067929326005403,104.77115406437682,6.454733067920942,2.0404562503190844,0.9999999971949564
26548,ScTlTe2,0.417000000000001,51.5,126.13480299999999,3.0,4.238970754715348,4.238970754715348,8.45006159364593,125.85968262185987,6.656675560236922,1.9934229516082995,1.0
7747,CrAgSe2,0.343,34.75,79.44607500000001,3.0,3.7289576902701644,3.7289576902701644,7.3642784116988675,84.80777930039837,6.222226899377321,1.9748892380608702,1.0
3391,LiVS2,0.0,14.5,30.503124999999997,3.0,3.464359003562708,3.4641872972332197,6.000406005783609,62.36524869085329,3.2487086542527717,1.7320393179843252,0.9999504363348858
3138,NaCrS2,1.074,16.75,34.77896732,3.0,6.750318438422516,6.750319180647239,6.750319147956636,71.44796311927266,3.2332249368756982,1.000000105111207,1.000000109954031
4932,LiCrS2,0.801,14.75,30.766775,3.0,3.4908600054213004,3.4907117667835315,5.9399970104378,62.68582895568475,3.2600307127333927,1.7015855695195434,0.9999575352097939
13391,TaInS2,0.0,38.5,89.97397,3.0,3.325736,3.3249593247209805,8.888068,85.10954848638265,7.021787568041933,2.6725115884123096,0.9997664651436495
5981,PtS,0.413,47.0,113.5745,2.0,3.5271,3.5271,6.12112,76.1493918757392,9.906573898360433,1.735454055739843,1.0
7812,TePd,0.0,49.0,117.00999999999999,2.0,4.189871,4.189894871227678,5.764378,87.63703020500442,8.868382509074747,1.3757888966032605,1.0000056973657847
5720,NiSe,0.0,31.0,68.82669999999999,2.0,3.698587,3.6986198991110184,5.194892,61.54374842246751,7.428174413446222,1.4045612554199753,1.0000088950485735
3555,CrS,0.0,20.0,42.03055,2.0,3.4720790159940194,3.4720755342148015,5.710379564740158,59.63993178560909,4.680982574834962,1.6446571458873718,0.9999989972062266
5722,NiS,0.0,22.0,45.3792,2.0,3.446146,3.4461338919759053,5.204571,53.52798318579269,5.630993736848636,1.510258416213358,0.9999964865028659
22678,TlCrS2,0.0,34.25,80.12734999999999,3.0,3.591439,3.5914383948064597,7.698154225688844,82.8131362371903,6.426738617068524,2.1434734728026412,0.9999998314899571
15014,VSe,0.0,28.5,64.95075,2.0,3.733636,3.7338623601237635,5.817312,70.23475057426656,6.142444134779756,1.5580822554742884,1.0000606272608694
30921,TaPbSe2,0.0,55.75,136.51697,3.0,3.473242,3.4732958621639187,9.434263,98.56385441533637,9.199792909896864,2.716269986370083,1.0000155077486448
20637,CuSe,0.0,31.5,71.253,2.0,3.759653,3.759653,5.367282,75.86648104912699,6.238243221068351,1.4276003663104015,1.0
7828,CuTe,0.0,40.5,95.573,2.0,3.156671,4.054897,7.035213,90.0505559219236,7.049493423293949,2.2286811010713503,1.2845485006197987
10083,FeTe,0.0,39.0,91.7225,2.0,4.043846,4.044139270063903,5.077846,71.91862339869856,8.471174088227658,1.2556971754117243,1.000072522559935
30684,LiTiS2,0.0,14.25,29.734499999999997,3.0,3.4241080000124122,3.4241187157219013,6.196019000007182,62.91283141581418,3.13928321670739,1.8095279120824233,1.0000031294893412
21057,AlCuSe2,0.0,27.5,62.11188464999999,3.0,4.606577233687502,4.606577233687502,4.606577233687502,69.12260118833849,5.968479734988779,1.0,1.0
30685,LiZrSe2,0.0,27.75,64.02125,3.0,3.7254800018386893,3.725421920483772,6.694510003945473,80.46544417188284,5.284742436219224,1.7969523391996294,0.9999844096989143
2743,Ni3S2,0.0,23.200000000000003,48.04204,2.0,4.062706088691625,4.062706452372975,4.06270624324095,67.04610099955104,5.949315708243167,1.000000038040981,1.0000000895170218
21058,AlCuTe2,0.0,36.5,86.43188465,3.0,4.959515441381144,4.959515441381144,4.959515441381144,86.25866699864865,6.65549451460734,1.0,1.0
19407,TlFeS2,0.0,34.75,81.089575,3.0,3.677687,3.67769,6.772701780959797,84.58161133489165,6.367928217232796,1.841565576668106,1.0000008157301044
6297,VS,0.0,19.5,41.503249999999994,2.0,3.165579,3.1656123047840206,6.111657,53.03981043797637,5.19743698501675,1.9306600782984724,1.000010520913874
4705,CrCuSe2,0.0,30.25,68.36552499999999,3.0,3.733153826587514,3.733155,6.722475926218703,76.85243367057554,5.908654797652384,1.800749778469144,1.000000314322029
19211,LiMnTe2,0.0,33.0,79.26976125,3.0,4.222621003053672,4.222866664434126,7.125922001136415,110.04055159125816,4.7848010078510965,1.6875589819647945,1.0000581774637782
29780,YbCu2S2,1.39,32.0,72.85239999999999,3.0,3.8808050001423675,3.8808045213875437,6.329439000152304,82.55483263812185,7.326903380379718,1.63096032908639,0.9999998766351765
7775,CuAgTe2,0.0,45.0,106.65355,3.0,3.167773,4.272658,7.291576,98.69010050470725,7.178121643743399,2.3017987715660184,1.3487891967006473
29818,TlCu2Te2,0.0,48.6,117.33506,3.0,4.011679,4.011679,8.19516958905037,123.73643062440428,7.873164366422436,2.04282785064567,1.0
14070,RbTiS2,0.0,22.75,49.3662,3.0,3.667734657336187,3.667735,7.933642886830992,89.07393131525049,3.681189437748932,2.1630907434817166,1.0000000934265547
4967,NaTiS2,0.0,16.25,33.746692319999994,3.0,3.536559305440812,3.536559305440812,7.0343942872012795,72.91333204327645,3.0742087612137814,1.989050282962661,1.0
4704,CrAgS2,0.790999999999999,25.75,55.998575,3.0,3.532515484476749,3.532515,7.106819313190255,73.57174179402807,5.0556270287402505,2.0118296280427903,0.9999998628521939
4703,CrCuS2,0.354,21.25,44.918025,3.0,3.5135136704320646,3.5135136704320646,6.449405156883385,65.4505299501009,4.558443482006384,1.8355998472862884,1.0
13624,Hf3Te2,0.0,64.0,158.13400000000001,2.0,3.703695,3.703695,9.372770045750189,123.44869276577916,10.635498814993786,2.5306538593891204,1.0
15722,CrAuS2,0.625,33.75,78.27316725,3.0,3.536107689507914,3.5361190000141396,7.433414327983407,77.40010554385316,6.7170788129271015,2.1021459131573685,1.0000031985751618
21173,KTiS2,0.0,18.25,37.773825,3.0,3.6368554059881184,3.636856,7.589991537130064,83.54774896579944,3.003068926284233,2.0869654385030176,1.000000163331179
16616,Zr2SN2,0.825,22.0,48.505280000000006,3.0,3.6273650020264023,3.6275549373860625,6.452437000851228,73.5278885246503,5.4771675146023755,1.778822091861894,1.000052361799696
16739,KCu2Se2,0.0,29.000000000000004,64.82206000000001,3.0,3.990719695851489,3.990719695851489,7.36407440485673,108.36585386063517,4.966488950306576,1.8452998371476645,1.0
5233,Ni3Se2,0.0,30.400000000000002,66.80004,2.0,4.229999827163827,4.230000167879075,4.22999963929963,75.6662523090032,7.3298249114037555,0.9999999555876586,1.0000000805473432
7289,TlCu2S2,0.0,34.2,79.12106,3.0,3.780564,3.780564,7.256811350482318,96.42515859664735,6.8127246673220165,1.9195049602340597,1.0
7265,Rb2PtSe2,1.131,44.0,104.78792000000001,3.0,3.83202,6.637318351619877,6.637318351619877,148.29285491872386,5.866919050355848,1.7320677740773474,1.7320677740773474
15796,BaCu2Se2,0.489,36.400000000000006,84.46780000000001,3.0,4.063635,4.063635,7.190836127417868,108.85091620350828,6.442852612443149,1.7695575826613041,1.0
15795,BaCu2S2,0.74,29.200000000000003,65.7098,3.0,3.906842,3.906842,6.881736222341786,96.20382049371403,5.670964497613111,1.761457520509349,1.0
30641,KNi2Se2,0.0,28.6,62.88102000000001,3.0,3.918538,3.918538,7.147731929199499,101.1709975690484,5.16039146160818,1.8240813102232258,1.0
4940,K2PtS2,1.376,29.6,67.48212000000001,3.0,3.648306,6.209808303900774,6.209808303900774,123.29350656925602,4.544306502086692,1.7021073078576123,1.7021073078576123
19839,Y2SO2,3.246,22.0,48.3751,3.0,3.790012000866092,3.7901404123150897,6.586231000338054,81.9329505589056,4.902102448706495,1.7377863180467426,1.0000338815415277
30853,TlNi2Se2,0.0,41.0,95.93802000000001,3.0,3.908847,3.908847,7.207382923164343,101.7027379423873,7.832081693566291,1.8438641684272479,1.0
27594,CrAgTe2,0.0,43.75,103.766075,3.0,4.094321752383416,4.094321752383416,7.639068472239074,105.45766629915859,6.5356129189199645,1.8657714108062378,1.0
26621,Ti2Te2P,0.0,32.6,76.3815524,3.0,3.646488655931895,3.6464720008668654,9.759775117457215,109.74207440702433,5.7787568072816455,2.6764858027408316,0.9999954325745666
27626,NiAgSe2,0.0,35.75,81.12039999999999,3.0,3.6358957388775606,3.635895,7.216212963594756,79.04291799795033,6.816731815994491,1.9847139417211332,0.9999997967825225
7853,TlCu2Se2,0.0,41.400000000000006,97.87906000000001,3.0,3.871059,3.871059,7.596095109437743,106.18092633688904,7.653540459963872,1.9622783092269438,1.0
27627,NiAgTe2,0.0,44.75,105.4404,3.0,3.95107,3.9510708728405515,7.5235557519577805,96.92655493698642,7.225590706545999,1.9041818423763133,1.0000002209124494
29776,TbCu2S2,0.0,31.0,70.02947,3.0,3.871030000109532,3.871030554138394,6.570855000261914,85.27205200390398,6.818568814635603,1.697443574468808,1.0000001431218208
29778,TmCu2S2,0.0,31.800000000000004,72.03124199999999,3.0,3.932016001250249,3.9320161440347623,6.253050001663907,83.72298433849183,7.143241038819485,1.5902910872376022,1.0000000363133092
29779,YCu2S2,0.0,25.800000000000004,56.02557,3.0,3.8597970014141936,3.8597964513413143,6.53989500205569,84.37654285987747,5.512944989818426,1.6943624236351118,0.9999998574865779
29621,DyCu2S2,0.0,31.200000000000003,70.74440000000001,3.0,3.9401820000913665,3.940183227091984,6.315815000158729,84.91603498962078,6.9170587228703475,1.6029246872383751,1.0000003114070917
4941,Rb2PtS2,1.266,36.800000000000004,86.02992,3.0,3.681016,6.455777339599624,6.455777339599624,134.73351612070852,5.301429346209464,1.753803118378085,1.753803118378085
7264,K2PtSe2,0.957,36.800000000000004,86.24012,3.0,3.813454,6.468064946578458,6.468064946578458,140.2704577275783,5.104606161850207,1.6961172067575636,1.6961172067575636
7266,K2Te2Pt,0.95,44.0,105.69612000000001,3.0,4.035024,6.862646070203606,6.862646070203606,167.24925977352734,5.247034783021417,1.7007695791161606,1.7007695791161606
30640,KNi2S2,0.0,21.400000000000002,44.123020000000004,3.0,3.806679,3.806679,6.822786192860142,90.84823269033637,4.032439398049628,1.7923198128500306,1.0
29689,HoCu2S2,0.0,31.4,71.23046400000001,3.0,3.850504000720036,3.850503201903876,6.4399500002027965,82.69079538254923,7.1520033047270175,1.6724953406095773,0.9999997925424413
30243,TlFe2S2,0.0,33.0,76.04066,3.0,3.631642,3.631642,7.521077100806972,93.23312621384854,6.771653589457069,2.0709852735503587,1.0
4274,CsCu3S2,1.859,28.999999999999996,64.61224198333333,3.0,5.438321003511102,5.438046880792588,6.397363001899924,163.8501033158666,3.9288770640689026,1.1763489131608162,0.9999495942372036
7867,FeS2,1.004,19.333333333333332,39.99166666666666,2.0,4.429823,5.398057,3.378969,80.7993835196166,4.931304327224457,0.7627774292562028,1.218571712684683
4827,FeTe2,0.170999999999999,43.33333333333333,103.68166666666666,2.0,3.883983,5.2501,6.24961,127.43766707020716,8.10596092296123,1.6090724392974942,1.351730942179716
3309,NbPS,0.0,23.999999999999996,51.981714,3.0,3.45514,4.724612,6.686761182092942,98.14601201630758,5.276892979742273,1.935308318069005,1.3674155027003245
3310,NbPSe,0.0,29.999999999999996,67.61338066666666,3.0,3.478435,4.857534,6.955062202289567,106.12514615101117,6.347675225944954,1.9994802841765238,1.3964711141648471
2803,NaCuSe,0.222,24.666666666666664,55.16525642666666,3.0,4.083336,4.083336,6.848508,114.18950822866738,4.813265157077161,1.6771845373488734,1.0
2804,NaCuTe,0.766,30.666666666666664,71.37858976,3.0,4.366514,4.366514,7.13213,135.98436089876844,5.229730957185377,1.6333693193242942,1.0
2805,KCuSe,0.403,27.333333333333332,60.534766666666656,3.0,4.185265,4.185105565510624,9.646736,146.3305225202743,4.121642293624512,2.3049283617644285,0.9999619057599994
2806,KCuTe,0.935,33.33333333333333,76.7481,3.0,4.469873,4.469652788006021,9.997732,172.97921783699954,4.420527047433074,2.2366926308644564,0.9999507341720942
3094,Te2Mo,0.927,48.666666666666664,117.04666666666665,2.0,3.555335,3.555197181370535,14.299313,156.5252379570188,7.450321702378507,4.021931266673886,0.9999612361058903
12036,Ta2Se,0.0,60.0,146.95192,2.0,3.386616,3.386616,10.138917,116.28494171609407,12.590765449678173,2.9938194941499123,1.0
29770,CuS2,0.0,20.333333333333332,42.55866666666667,2.0,4.700776,5.819057,3.596584,98.3812590084394,4.309987253674869,0.7651043146918721,1.2378928500315691
29608,Cs2Te2Pt,1.048,58.4,143.21898076000002,3.0,4.099525,7.354638658097419,7.354638658097419,196.30769988614745,6.057345511684223,1.7940221508827046,1.7940221508827046
4828,FeSe2,0.389,31.33333333333333,71.255,2.0,3.587423,4.800261,5.761495,99.21620903948379,7.155385949616818,1.6060261084349408,1.3380805664679074
16388,Nb2CS2,0.0,24.0,52.390692,3.0,3.2929000008825047,3.2930303157318486,9.076949000002864,85.23913320579247,5.103101570948551,2.7565213026724837,1.0000395744933976
29726,LuCu2S2,0.0,32.2,73.2378,3.0,3.9321000082811985,3.932099365734416,6.175658010979964,82.6957863885519,7.353109120356886,1.5705750102931564,0.9999998365894099
1660,CuSe2,0.0,32.33333333333333,73.82199999999999,2.0,5.035405,6.222889,3.778609,118.4018302754285,6.211946970447383,0.7504081598203124,1.235826909652749
6682,ZrSO,1.046,21.333333333333332,46.42946666666667,3.0,3.604712,3.604712,6.380555,82.90860372825736,5.579489212131688,1.7700595775751293,1.0
8002,Hf2S,0.0,53.333333333333336,129.68166666666667,2.0,3.377518,3.3775133323499995,11.797758,116.55332283212375,11.08547412240619,3.493025943903186,0.9999986180236492
3144,ZrSiSe,0.0,29.333333333333332,66.08983333333333,3.0,3.626766,3.626766,8.540033,112.33074008741964,5.861872728142135,2.354724015831184,1.0
3143,ZrSiS,0.0,23.333333333333332,50.45816666666667,3.0,3.556649,3.556649,8.134453,102.89881399394642,4.885639815110372,2.287111547976761,1.0
3145,ZrSiTe,0.0,35.33333333333333,82.30316666666667,3.0,3.702764,3.702764,9.837143,134.87176781084682,6.079891705913101,2.6567026686010773,1.0
3148,ZrGeTe,0.0,41.33333333333333,97.15466666666666,3.0,3.890035,3.890035,8.748258,132.38189704317003,7.311987061582436,2.2488892773458335,1.0
3147,ZrGeSe,0.0,35.33333333333333,80.94133333333333,3.0,3.73994,3.73994,8.357774,116.90144866351676,6.898438701679986,2.2347347818414196,1.0
3146,ZrGeS,0.0,29.333333333333332,65.30966666666666,3.0,3.653084,3.653084,8.083749,107.87781399547623,6.03178257297779,2.212856041634958,1.0
15478,YSF,1.452,21.333333333333332,46.656417733333335,3.0,3.757436,3.757436,6.806617,96.09803295832384,4.837235606829837,1.8115057714888556,1.0
14483,ZrSnTe,0.0,47.33333333333333,112.51133333333333,3.0,4.09739,4.09739,8.788294,147.54319493854953,7.597617691853314,2.144851722682,1.0
12162,CuAgS,0.721,30.666666666666664,67.82639999999999,3.0,3.889799602889845,3.889799602889845,8.152003,109.18661314197844,6.18913164516285,2.095738555257099,1.0
24331,TiTeAs,0.0,35.666666666666664,83.46286666666666,3.0,3.583585,5.297868,7.1699948979691746,121.83433495459977,6.825334629472358,2.0007882882558037,1.4783709609232096
18095,Te2Ru,0.339,49.33333333333333,118.75666666666666,2.0,5.33768,6.452393,4.057511,139.74396164328354,8.466916883239255,0.7601637790200987,1.2088384841354296
17345,ZrTiSe4,0.0,33.0,75.82183333333333,3.0,6.238564716991,3.661134,6.339391394447972,144.79024302600564,5.21741440151573,1.0161618388252616,0.5868551768051301
11374,NaCu3Te2,0.226,33.666666666666664,78.13796154666667,3.0,4.290799304964169,4.290799,8.263089314452131,125.68932588271763,6.193897707833095,1.9257692395196127,0.9999999289260234
12646,CrSBr,0.266,25.0,54.65503333333333,3.0,4.750943,3.544975,8.427105,141.92908466561542,3.836711201665862,1.773775227360126,0.7461623934448381
2198,ZnSO4,4.994,13.0,26.91193333333333,3.0,5.459917939864115,5.459917939864115,5.459917939864115,115.09152606720599,2.3297101835668785,1.0,1.0
13390,NbInS2,0.0,30.5,67.963595,3.0,3.379701,3.3795662174607557,8.205084,81.16094351394109,5.562094272221984,2.4277544078603404,0.9999601199812516
7290,ZrTiTe4,0.0,45.0,108.24849999999999,3.0,6.860895023181816,3.859056,6.692599743855672,177.19705552517723,6.086473486906666,0.9754703608264661,0.5624712208772902
12701,Cu2GeSe3,0.0,32.0,72.76866666666666,3.0,4.033088,5.565508,6.8645008678549235,133.38247264483894,5.4355813742470165,1.7020458933340714,1.3799619547106337
26929,Sn2Rh3S2,0.0,38.14285714285714,87.18092857142857,3.0,5.569506577696897,5.569506577696897,5.569506325778345,127.42581282035424,7.952638035212886,0.9999999547682459,1.0
27957,Al2ZnS4,0.162,17.142857142857142,35.376011028571426,3.0,3.673668161886155,3.673668,12.186630930661888,140.26033621616344,2.93171077441797,3.317292252222629,0.9999999559333757
4544,Ni3Pb2S2,0.0,40.0,93.51574285714285,3.0,5.622504816705985,5.622505582721283,5.622505138962347,126.77876959814802,8.574036610853916,1.0000000573154444,1.0000001362409323
18942,Ni3Pb2Se2,0.0,45.142857142857146,106.91431428571428,3.0,5.8210919505434715,5.821092399327896,5.821091903877227,134.47915839284897,9.24119236125161,0.9999999919832491,1.0000000770962612
18943,Tl2Ni3S2,0.0,39.71428571428571,92.71097142857143,3.0,5.659443787218493,5.659443657793759,5.659443344738067,123.71989555975769,8.710412552055272,0.9999999218155631,0.9999999771311919
20228,Bi2Pd3S2,0.0,47.99999999999999,114.47868571428572,3.0,5.755043399528625,5.755043272597175,5.755042415299213,149.35114727862714,8.909702640769218,0.9999998289796717,0.9999999779443105
31154,Ni3Sn2S2,0.0,30.857142857142854,68.23288571428571,3.0,5.430335286877413,5.430334964463333,5.430335286877413,116.55742490241668,6.8045738678602925,1.0,0.9999999406272242
27061,Pd3Pb2Se2,0.0,52.857142857142854,127.36857142857143,3.0,5.990032,5.9900321026398515,6.00067750377522,152.3800602431669,9.715860596885953,1.0017772031560466,1.000000017135109
16471,LiZnPS4,2.945,16.0,33.08339457142857,4.0,5.768618,5.768618,6.056112571872076,148.96045607468733,2.5815836945051993,1.04983768588457,1.0
12986,Cu2WS4,1.52,27.999999999999996,62.74171428571428,3.0,5.435058,5.435058,5.306593,156.75599022289916,4.652424916713492,0.9763636377017505,1.0
4273,CsCu4S3,0.0,27.375,60.410556487499996,3.0,3.969594,3.969594,9.685228,152.6166898932843,5.258354865006489,2.43985354673551,1.0
13891,Cu2Te,0.0,36.666666666666664,84.89733333333334,2.0,4.273879007669964,4.273879710341413,8.000712050676741,126.5619638954206,6.683303632848815,1.8720024680901235,1.0000001644107022
27796,Al2FeS4,0.0,16.57142857142857,34.00972531428572,3.0,3.625451,3.6254501730749245,12.395282589135997,139.06852935114483,2.8426369725610985,3.4189629343041728,0.9999997719111152
29737,NbCu3Te4,1.099,42.0,99.24304749999999,3.0,5.961465,5.961465,5.961465,211.8648918096472,6.222718876537498,1.0,1.0
4277,KCu4S3,0.0,22.875,48.6846625,3.0,3.899576,3.899576,9.26607,140.906281619113,4.589875381536922,2.376173717347732,1.0
15072,V3Se4,0.0,29.285714285714285,66.95207142857143,2.0,3.393843,6.162828341954123,6.857004080564339,125.02970521051914,6.224406521278286,2.0204246574058784,1.8158849251288651
27884,MnAl2S4,0.0,16.428571428571427,33.88016031428572,3.0,3.652463,3.6524634713710693,12.469618958845935,141.9890558598769,2.7735610090305136,3.4140301924607956,1.0000001290556726
13531,CsCu4Se3,0.0,34.125,77.9961814875,3.0,4.103527,4.103527,10.114038,170.309616734505,6.083776550961068,2.4647182777157313,1.0
7472,Te4Pt3,0.0,63.14285714285714,156.52171428571427,2.0,4.031923471613518,4.031923471613518,12.108098547116143,167.28344575098623,10.875989215625117,3.003057630523591,1.0
15300,Cu3TeS3Cl,0.831,25.5,56.235749999999996,4.0,5.483010465949614,5.483010398591726,5.483010465949614,163.08075582721287,4.580879428543119,1.0,0.9999999877151633
14569,Ba2HfS4,1.081,35.42857142857143,83.05771428571428,3.0,4.956213,4.956213,8.6504589567264,194.2710564789859,4.9695722786723735,1.7453767537283809,1.0
29768,RbCu4S3,0.0,25.125,54.48085,3.0,3.918381,3.918381,9.459065,145.2317376760499,4.98335040979898,2.414023802177481,1.0
7833,Rh3Pb2S2,0.0,47.28571428571428,112.46378571428572,3.0,5.757216977445005,5.757216977445005,5.757217031376618,136.49723193761184,9.577143445062891,1.0000000093676535,1.0
13288,NbCu3Se4,1.54,33.0,74.9230475,3.0,5.677156,5.677156,5.677156,182.97530700544223,5.439538244692153,1.0,1.0
21492,Zn3CdS4,1.828,25.25,54.61225,3.0,5.527969,5.527969,5.527969,168.92611600102518,4.294695310040794,1.0,1.0
27212,NbTl3Se4,2.029,52.5,127.73703499999999,3.0,6.8549963708428026,6.8549963708428026,6.8549963708428026,247.97037388986365,6.843150940594583,1.0,1.0
4321,Nb2CrSe4,0.0,34.57142857142857,79.09269428571429,3.0,3.520821,6.367375118162664,7.060955546687786,138.1572947215659,6.654412018893641,2.0054855236002584,1.8084915757326667
27211,Tl3VSe4,1.599,50.25,122.49142499999999,3.0,6.742475422179899,6.742475422179899,6.742475422179899,235.95882525998775,6.896179334545125,1.0,1.0
27210,NbTl3S4,2.569,43.5,104.289535,3.0,6.727543412167846,6.727543412167846,6.727543412167846,234.3946182460854,5.910608311499214,1.0,1.0
21494,ZnCd3S4,1.391,29.75,66.36275,3.0,5.783702,5.783702,5.783702,193.47182338243653,4.55665066548288,1.0,1.0
27889,MnAl2Te4,0.471,37.0,88.47158888571428,3.0,5.981246,5.981246,7.55468803328655,223.9478560682747,4.592023013274929,1.2630625848337538,1.0
16601,LaCuSeO,1.962,32.0,74.3527175,4.0,4.060539,4.060539,8.788691,144.90773480902521,6.8162319948945616,2.1644148720157594,1.0
5587,AlCuS2,1.878,18.5,38.66438465,3.0,5.335529,5.335529,6.457323888037288,149.1865829111645,3.4428683885229465,1.2102499842166143,1.0
19523,Cu2GeTe3,0.0,41.0,97.08866666666665,3.0,4.328361,5.965469,7.371301686103751,164.839886704584,5.868222577886576,1.703023774150019,1.378228156108051
5590,GaCuS2,0.846,23.0,49.34975,3.0,5.372937,5.372937,6.497072291791973,152.1499349540234,4.308759668741102,1.2092217518634543,1.0
22267,Cr3CdTe4,0.0,41.0,97.34991249999999,3.0,6.319287,6.319287,6.319287,252.35054084471378,5.1247231734420815,1.0,1.0
22255,ZnCdTe2,0.961,45.5,108.255,3.0,6.408131,6.408131,7.783940941017988,259.89955968140225,5.533265454587004,1.2146975367728887,1.0
29794,VCu3Se4,0.881,30.75,69.6774375,3.0,5.596493,5.596493,5.596493,175.2862680208904,5.280601087459617,1.0,1.0
27342,Ga2FeS4,0.172,21.71428571428571,46.22157142857142,3.0,3.657721000456295,3.657761295923642,12.218509001575642,141.5706336797628,3.7950601923803924,3.340470473295093,1.0000110165502896
27283,Ti3Se4,0.0,28.857142857142854,65.63442857142857,2.0,3.52014,6.43208920730372,7.102355405944566,136.9260836017922,5.571763321460308,2.0176343571405018,1.8272253965193772
28984,CdCu2SnSe4,0.0,36.5,84.25662499999999,4.0,5.875586,5.875586,7.1289740523210625,199.99536102532073,5.5965865172293805,1.2133213695316625,1.0
8184,Ti2CS,0.0,16.5,34.952425,3.0,3.203285,3.2032426541518833,11.240911,99.88852518177212,4.648371144563648,3.509182292552801,0.9999867804931135
26928,In2Rh3S2,0.0,37.857142857142854,86.06892857142857,3.0,5.627711491767413,5.627711491767413,5.6277113577415285,128.09161573370383,7.810391990608277,0.9999999761846561,1.0
22709,VMo2S4,0.0,24.428571428571427,53.01164285714286,3.0,3.20958,6.029435286467383,6.577579262748948,112.4557751830755,5.479445831041442,2.049358253338115,1.8785745444785245
7589,V3S4,0.0,19.0,40.15492857142857,2.0,3.236684,5.8399257906874125,6.485349361388946,107.32365024493,4.349011544544378,2.003701739616517,1.8042928474597497
4808,Al2ZnSe4,2.307,27.428571428571427,62.173153885714285,3.0,5.613087,5.613087,6.778607025938442,173.13278114233998,4.174175755094438,1.2076433210350102,1.0
8077,Ti3Te4,0.0,39.14285714285714,93.42871428571428,2.0,3.797532,7.03825007715199,7.436975997140034,168.28784067108688,6.453194760132962,1.9583708569513132,1.8533747910885254
4811,Al2ZnTe4,1.782,37.71428571428571,89.9674396,3.0,6.076547,6.076547,7.357278417108734,220.52055862946096,4.742238751819448,1.210766314669949,1.0
26926,Tl2Rh3S2,0.0,47.0,111.65901428571429,3.0,5.740970985221402,5.740972,5.783642495746258,135.28436824932243,9.593858522794818,1.0074328037251368,1.0000001767607956
4257,Mn2SnS4,0.0,23.428571428571427,50.97801285714286,3.0,3.651405,6.331862057016167,6.331862057016167,137.99858662263648,4.293934369463627,1.734089222372256,1.734089222372256
30246,Ti2FeSe4,0.0,29.428571428571427,66.77414285714285,3.0,3.534872,6.233442222315131,6.97376200338992,131.77436161332776,5.890125374563112,1.972847108294139,1.7634138442113692
3554,Cr3S4,0.0,19.428571428571427,40.606899999999996,2.0,3.454196,6.065271897214914,6.525884772813338,117.45639146872968,4.018558730792902,1.889263021789539,1.7559142264118521
3617,Cr2NiS4,0.0,20.0,41.56365714285714,3.0,3.400557,5.890736020546159,6.3556682599673175,108.88675840384838,4.436963160740907,1.8690080066198913,1.7322856286620572
10248,TeRhCl,0.742,37.99999999999999,88.65283333333333,3.0,3.716509,6.7610480130453885,6.894436049670052,146.71080139845486,6.020476689537201,1.8550839106457302,1.8191932302721152
8483,ZnIn2S4,0.26,27.428571428571427,60.472142857142856,3.0,3.9086490447341267,3.9092076218263214,12.532816159574033,165.83417073047468,4.238658941477183,3.206431689347678,1.0001429079678943
7816,Ti2FeS4,0.0,19.142857142857142,39.977,3.0,3.351183,5.880113281265592,6.625852715963886,112.7502670167049,4.121352479268692,1.9771682763859466,1.7546380729627693
6623,V2FeS4,0.0,19.428571428571427,40.85542857142857,3.0,3.180827,5.786685251770654,6.242896052164092,100.07835851902608,4.745224185027073,1.9626644429779085,1.8192392267075999
6006,NiC2S2N2,0.387,12.285714285714285,24.979742857142853,4.0,3.60798,5.49976595657897,6.095673374325267,109.5498056759698,2.6504736437402783,1.6894975510743595,1.524333825735999
4490,V2NiSe4,0.0,30.0,68.05948571428571,3.0,3.383014,6.168279269980081,6.692997013646503,120.5210022206809,6.5640679275604885,1.978412449267577,1.8233088216543238
4820,ZnIn2Te4,0.923999999999999,48.0,115.06357142857142,3.0,6.230223,6.230223,7.682998275033581,244.32493979372148,5.474156226112118,1.2331819061747198,1.0
29559,MnCr2Se4,0.0,29.857142857142854,67.8243207142857,3.0,3.70644,6.4175445860878915,7.0550686421886075,142.77737260154467,5.521705058849716,1.9034622554765779,1.731457837193612
29558,MnCr2S4,0.0,19.57142857142857,41.02717785714286,3.0,3.499862,6.055186864259847,6.729190716053826,121.86601677330208,3.913237132566081,1.9227017282549501,1.7301216060118505
29597,Cr3Te4,0.0,40.0,95.19832857142856,2.0,3.979899,6.945794158328117,7.277556488550466,170.6251887409592,6.485348472792907,1.8285781846600797,1.7452186998534678
6513,V2NiS4,0.0,19.714285714285715,41.262342857142855,3.0,3.217055,5.829142138413507,6.291371662083556,102.60649958877956,4.6744029729930805,1.955630743671947,1.8119497920966559
12677,Ba2ZrS4,0.8,30.857142857142858,70.59114285714286,3.0,5.001387,5.001387,8.68535126515111,198.42859239230316,4.135167440062022,1.736588523373838,1.0
29598,TiCr2Te4,0.0,39.71428571428571,94.60845714285713,3.0,3.936231,7.0205729065184554,7.385125495533032,172.47246737842522,6.376132330378359,1.8761920973471913,1.7835774644624403
29820,VCu3Te4,0.576,39.75,93.99743749999999,3.0,5.90827,5.90827,5.90827,206.24384721993928,6.054441650544451,1.0,1.0
29792,ZnCu2SnSe4,0.0,34.25,78.38137499999999,4.0,5.726426,5.726426,7.042272513001893,188.93865168214853,5.511009390799702,1.22978495015947,1.0
3058,BaNiS2,0.0,29.0,65.0376,3.0,4.41936,4.41936,8.950614,174.8121400220051,4.942332986036177,2.0253190507222762,1.0
5596,TlCuS2,0.0,35.5,83.014825,3.0,5.655948,5.655948,6.95457019066175,182.0078133000376,6.059052420340384,1.2296029225625393,1.0
29781,Cu3SbSe4,0.0,34.25,78.52975,3.0,5.70549,5.70549,6.95214101287179,184.3063369567859,5.660216359379786,1.218500253768176,1.0
1920,VCu3S4,1.068,21.75,46.2299375,3.0,5.396112,5.396112,5.396112,157.12412258923965,3.9085846836219402,1.0,1.0
4805,ZrSe3,0.403,35.5,82.026,2.0,5.458352292281985,3.78266,9.714852453692234,198.99861831186652,5.475711492781141,1.779814114861891,0.6930040051369742
21765,BaZnSO,2.431,27.5,62.7001,4.0,3.974448,6.157353,6.767477664250692,158.3131603547639,5.261266489374727,1.7027465610949475,1.5492347616574678
6195,TlCu4S3,0.0,30.625,69.3452875,3.0,3.897621,3.897621,9.356659,142.1412123095951,6.480910484339049,2.4006077040327933,1.0
24146,KEuCu2Te4,0.0,43.5,103.5692875,4.0,4.405551,4.405551,11.388859,221.04499326727625,6.224283868796154,2.5851156870048717,1.0
23081,CaZnSO,2.936,18.5,38.38785000000001,4.0,3.750203,3.750280268193832,11.438649,139.32428120877486,3.6602105042305215,3.050141285685068,1.0000206037363397
29599,VCr2Te4,0.0,39.857142857142854,95.04767142857142,3.0,3.990595,6.960694015136708,7.250914351495334,169.9307614391324,6.501545649313363,1.8170008110307696,1.744274729742484
5594,InCuSe2,0.162,36.5,84.071,3.0,5.856857,5.856857,7.176597110269114,201.05099343297778,5.554936195218008,1.2253324795652538,1.0
7788,Cu3AsS4,0.0,23.0,49.22745,3.0,5.299505,5.299505,5.299505,148.8352902457762,4.393802241568881,1.0,1.0
3486,TaTl3S4,2.622,47.5,115.2947225,3.0,6.750500013571365,6.750500013571365,6.750500013571365,236.80231112828034,6.46788927825377,1.0,1.0
2317,Cu3SbS4,0.0,25.25,55.08225,3.0,5.414797,5.414797,6.618200807651729,158.27536732873642,4.623144064561565,1.2222435684388038,1.0
4960,LiNbS2,0.982,19.0,40.994344999999996,3.0,3.36745,3.3673501945519417,12.848508,126.17359584047776,4.316130393135507,3.815500749825536,0.9999703617134454
11534,ZnCu2GeS4,0.59,23.0,49.175125,4.0,5.31909,5.31909,6.549417715014519,151.69887912992317,4.3062792157660645,1.2313041732729693,1.0
7349,RbFeSe2,0.0,32.75,74.8082,3.0,5.658430475582871,7.043661843119458,7.043661843119458,232.77990810929273,4.2691635986816365,1.2448084099493855,1.2448084099493855
3043,NiRh2Se4,0.0,36.28571428571428,82.90634285714285,3.0,3.719273,6.384137337949506,6.411570656639525,126.92243567088148,7.592704509136867,1.7238773966416354,1.7165014071162579
29584,V2CrS4,0.0,19.142857142857142,40.30558571428571,3.0,3.270393,5.831412894722856,6.422924795321676,106.98200819250224,4.379269059680648,1.9639611494158886,1.7830923973732993
19666,MnGa2S4,1.275,21.57142857142857,46.09200642857142,3.0,5.483826,5.483826,6.448789242623921,154.95492821884548,3.4575411588085485,1.1759653283353486,1.0
14495,TaCu3Te4,1.187,46.0,110.248235,3.0,5.966955,5.966955,5.966955,212.45075941223436,6.893700997010633,1.0,1.0
29807,ZnCu2SnTe4,0.0,43.25,102.701375,4.0,6.159956,6.159956,7.488733586759313,231.1492642770729,5.902321035809383,1.2157121880025301,1.0
7674,ZrS3,1.215,22.0,46.854749999999996,2.0,5.17522530977087,3.648882,9.15442397952733,171.5510685637329,3.6282673650884005,1.76889380298935,0.7050672737109396
18825,TaCu3Se4,1.664,37.0,85.928235,3.0,5.685801,5.685801,5.685801,183.81246816569396,6.210120249828385,1.0,1.0
29769,RbCu4Se3,0.0,31.875,72.066475,3.0,4.045498,4.045498,9.903051,162.07386810420107,5.906896587173859,2.447918896511628,1.0
7965,Nb2CS,0.0,26.0,57.472115,3.0,3.31888,3.3188363592464154,11.700586,111.61272988493523,6.84041631662263,3.5254622041170514,0.9999868507588148
17755,Nb3Te,0.0,43.75,101.57978499999999,2.0,5.297953,5.297953,5.297953,148.70456592574573,9.07448674786334,1.0,1.0
4961,NaNbS2,0.857,21.0,45.00653732,3.0,3.417478,3.4174011276519765,14.229063,143.91476847926782,4.154409689367343,4.163615098619508,0.9999775061176623
21320,Ca3ZnSe4,2.184,28.25,62.685375,3.0,6.373775,6.373775,6.373775,258.9346587757399,3.2159932464677397,1.0,1.0
14511,GdCuSeO,1.793,33.75,78.93884999999999,4.0,3.908378,3.908378,8.708461,133.02538705738826,7.8830693827827645,2.2281521899877648,1.0
11834,BaPdS2,0.361,33.5,76.96925,3.0,5.707156,6.377662447072125,6.377662447072125,209.95176438152066,4.8700880264369975,1.117485214539803,1.117485214539803
4963,NaNbSe2,0.705,30.0,68.45403732,3.0,3.558422,3.558292227414297,14.971366,164.16699247302574,5.5392671417231405,4.20730481095272,0.9999635308612348
7673,TiS3,0.256,17.5,36.015499999999996,2.0,4.984582545760277,3.408102,8.944151789917756,151.58035083937546,3.156353419451402,1.794363260675733,0.6837286710998136
18823,NbCu3S4,1.832,24.0,51.4755475,3.0,5.504333,5.504333,5.504333,166.76852961702008,4.100397498933088,1.0,1.0
20026,CuBS2,1.872,16.5,34.62175,3.0,5.018029,5.018029,5.74944514433132,113.91496211058187,4.037451617888254,1.1457576559105815,1.0
16527,VAuS2,0.159,33.5,78.00951724999999,3.0,3.212744,3.212777844456881,15.174397,135.64394627924457,7.639875110949039,4.723188962457016,1.0000105344393706
14512,DyCuSeO,1.775,34.25,80.25134999999999,4.0,3.87713,3.87713,8.693701,130.6849047898346,8.157667618789205,2.2423031984999215,1.0
20214,EuCuSeO,0.0,33.5,77.61734999999999,4.0,4.014481,4.014481,8.721743,140.5601134269979,7.335602623455595,2.1725705016414327,1.0
23154,BaCuTeF,1.104,36.5,86.86785079999999,4.0,4.419281,4.419281,9.342515,182.4597342240765,6.3245717505809775,2.1140350658851523,1.0
16559,NdCuSO,2.3,28.25,63.9631,4.0,3.92296,3.92296,8.426921,129.68707118720542,6.551970095209647,2.1481027081591453,1.0
5591,GaCuSe2,0.25,32.0,72.79724999999999,3.0,5.673374,5.673374,6.8813557796575955,179.95902887474398,5.373786622023785,1.2129212316440967,1.0
4964,KNbSe2,0.816,32.0,72.48116999999999,3.0,3.627133,3.627135570164562,16.356326,186.35614642233782,5.166787008924985,4.509436516389115,1.000000708593967
29711,KCu4Se3,0.0,29.625,66.2702875,3.0,4.009071,4.009071,9.759437,156.86001786037076,5.612362053931011,2.4343387782356563,1.0
7348,KFeSe2,0.0,28.25,63.215824999999995,3.0,5.58791448596433,6.841133072117294,6.841133072117294,217.15015263427122,3.867272333473556,1.224273043064776,1.224273043064776
29793,TlCu4Se3,0.0,37.375,86.9309125,3.0,3.971007,3.971007,9.931014,156.60113284005294,7.374259630704068,2.500880507135847,1.0
15927,FeCu2SnS4,0.0,24.75,53.738375,4.0,5.433452,5.433452,5.386473,159.0216139226343,4.489184532169943,0.991353747120615,1.0
7676,HfSe3,0.268,43.5,103.8425,2.0,5.383187813636544,3.740739,9.488629404789767,190.76735076622407,7.231196641217082,1.7626413443635442,0.6948929016602509
7814,Ni3Se4,0.0,31.428571428571427,70.27431428571428,2.0,3.648667,6.189930759210881,6.34854083059887,117.12682172196729,6.974087564929956,1.7399616985049253,1.696491008691909
20568,Hf2CS,0.0,41.5,100.263925,3.0,3.378452,3.3784102078943876,12.059843,119.20668983412656,11.173343703943782,3.569635738497987,0.9999876298063101
5592,GaCuTe2,0.399999999999999,41.0,97.11725,3.0,6.082624,6.082624,7.411902074353924,223.3335931464522,5.776721204152002,1.2185369462840254,1.0
29657,Cu2HgGeS4,0.236,29.25,66.07275,4.0,5.533016,5.533016,6.611576340951377,163.16515994268818,5.379402455991062,1.1949317227623013,1.0
19641,Cu2HgGeSe4,0.0,38.25,89.52025,4.0,5.842086,5.842086,6.980396939354309,192.04274753028085,6.1924493164646695,1.1948466591135956,1.0
7780,MnCu2SnS4,0.0,24.625,53.625005625,4.0,5.504481,5.504481,6.667368487698951,164.02019994454838,4.34319270145857,1.2112619677856915,1.0
29548,CrGa2S4,0.0,21.428571428571427,45.671728571428574,3.0,3.7008660006012106,3.7009421819235437,12.238212001645502,145.1648128091438,3.6570696244670735,3.3068508829169683,1.000020584728634
26546,ScTlS2,1.025,33.5,78.36730299999999,3.0,3.78613,3.7862341296134874,15.020332,186.47350448717762,5.582861488671799,3.9671992245379846,1.0000275029155068
26798,RbYTe2,1.582,45.0,107.3934125,3.0,4.518754,4.518824358292542,17.139892,303.0994350743332,4.706863466298627,3.793057112646539,1.000015570286088
16128,PrCuSO,2.22,28.0,63.1295125,4.0,3.950932,3.950932,8.450386,131.9093734072489,6.35763898806377,2.1388335714206166,1.0
25957,NbCuTe2,0.0,43.5,102.913095,3.0,6.766687820757878,3.831735,7.305792808793444,180.62537505559445,7.568868544560899,1.0796704388196803,0.5662644858900615
6188,CuCSN,2.135,14.5,30.4071,4.0,3.807245,3.807073874888429,10.914431,137.0021287193587,2.9484025099194047,2.8667529933061835,0.9999550527713423
19841,LaCuTeO,1.437,36.5,86.5127175,4.0,4.174049,4.174049,9.335382,162.64742044852412,7.065971140324594,2.236529087224419,1.0
29683,Cu2SnHgS4,0.0,31.5,71.8315,4.0,5.621197,5.621197,6.81497566614313,174.91906207855524,5.455277919364072,1.21237090003128,1.0
29684,Cu2SnHgSe4,0.0,40.5,95.279,4.0,5.889665,5.889665,7.150220880549215,201.6142100821836,6.277910743816558,1.2140284516265722,1.0
3137,KFeS2,0.0,19.25,39.768325,3.0,5.37218173481594,6.581686474807349,6.581686474807349,192.8180654030408,2.739861837322075,1.225142186116466,1.225142186116466
13331,CuBiSeO,0.787,38.5,91.87145,4.0,3.936953,3.936953,8.964787,138.95060294096282,8.783330410341474,2.277087636047471,1.0
21318,CaZn3Se4,1.517,30.75,69.018125,3.0,5.943265,5.943265,5.943265,209.93037686201515,4.367440090918684,1.0,1.0
29670,ZnCu2GeSe4,0.234,32.0,72.622625,4.0,5.651817,5.651817,6.909250607746401,180.03586675024385,5.358608071904669,1.2224830718592623,1.0
28982,CdCu2GeSe4,0.232,34.25,78.497875,4.0,5.824535,5.824535,6.973812968186629,190.9222498798431,5.46185846214293,1.1973166902055923,1.0
4962,KNbS2,0.962000000000001,23.0,49.03367,3.0,3.46698,3.4669810787104103,15.584859,162.2319401592328,4.015106995459139,4.495226104563626,1.0000003111383424
7677,ZrTe3,0.0,49.0,118.50599999999999,2.0,5.925027400803562,3.940382,10.214540285459448,237.31094229891747,6.633789103700545,1.7239650712964019,0.6650402999766042
29640,FeCu2SiSe4,0.0,29.25,65.8578125,4.0,5.572426,5.572426,6.752028642867415,170.2595415662134,5.138483030970848,1.2116856541239696,1.0
5595,InCuTe2,0.234999999999999,45.5,108.39099999999999,3.0,6.286284,6.286284,7.695448863652398,248.24094388967532,5.800412692574961,1.2241650017168169,1.0
10121,FeAgS2,0.0,26.25,56.9608,3.0,5.542203,5.542203,6.435262606144601,156.7859315729673,4.8262306623049875,1.1611380178864976,1.0
17001,NbSnS2,0.0,30.75,68.936595,3.0,3.351525,3.3515656339169313,17.514355,170.37927664591894,5.374921717209064,5.225786768709765,1.000012124008304
5597,TlCuSe2,0.0,44.5,106.46232499999999,3.0,5.959952,5.959952,7.301277477005514,211.78439574810884,6.677917866652345,1.225056422770773,1.0
29731,MnCu2SnSe4,0.0,33.625,77.07250562499999,4.0,5.785106,5.785106,7.051435817340111,192.2238883126071,5.326368448930192,1.218894833965032,1.0
21933,SrCuSeF,1.498,27.5,62.28110079999999,4.0,4.049567,4.049567,8.777595,143.943717974259,5.747813247521588,2.167539146777915,1.0
26706,EuCuTeF,1.711,38.25,90.5271008,4.0,4.126924,4.126924,8.872792,151.11697204750448,7.958009514759404,2.1499770773583426,1.0
3487,Tl3VS4,1.941,41.25,99.043925,3.0,6.6278777445987185,6.6278777445987185,6.6278777445987185,224.1308180235091,5.870368330496393,1.0,1.0
2962,Fe3Se4,0.0,30.57142857142857,69.05357142857142,2.0,3.417954,6.076454101863767,6.363119140804217,113.7141659634483,7.058602291443695,1.861674891120307,1.777804529219459
7981,Cr2FeSe4,0.0,30.0,67.95388571428572,3.0,3.675265,6.355192650036661,6.760031228359378,132.55492921455098,5.958892509504389,1.8393316477476802,1.7291794333297492
27494,FeRh2Se4,0.0,36.0,82.49942857142857,3.0,3.700628,6.466261761725549,6.540493503479764,129.293594036032,7.416876893976503,1.7674009663980719,1.7473417381389182
29578,CrRh2Se4,0.0,35.71428571428571,81.94958571428572,3.0,3.683329,6.4993016464892595,6.594888131659021,132.24063193984134,7.203258237271552,1.790469472495946,1.764518360018684
21037,BaCrS2,0.0,28.0,63.363275,3.0,4.583757,4.626031,9.167922,194.4021369796312,4.3298780685007054,2.0000890099540616,1.0092225656813831
20906,CdCu2GeTe4,0.0,43.25,102.81787499999999,4.0,6.229042,6.229042,7.506111856599394,235.82954456963296,5.791745855504405,1.2050186620349315,1.0
7801,FeAg2SnS4,0.0,29.25,64.81892500000001,4.0,5.622727,5.622727,7.058141965348742,184.37254251411923,4.6702987722655145,1.2552880417898187,1.0
15201,FeCu2SnSe4,0.0,33.75,77.185875,4.0,5.745835,5.745835,6.960528755116454,186.58856191746224,5.495306236958801,1.211404218032097,1.0
21931,SrCuSF,1.799,23.0,50.557350799999995,4.0,3.930607,3.930607,8.623125,133.2244475915193,5.0412642869813915,2.193840544221287,1.0
16483,SmCuSeF,0.0,33.5,77.96610079999999,4.0,3.807285,3.807285,9.168409,132.89993067139093,7.793277590181596,2.408122586042285,1.0
29638,FeCu2GeSe4,0.0,31.5,71.42712499999999,4.0,5.639788,5.639788,6.856325488597591,177.3964047588084,5.348813322542518,1.215706244383227,1.0
4835,CsFeS2,0.0,28.25,63.220112975,3.0,5.413782,7.099344,7.445860704138508,229.04202815906626,3.6667320274903266,1.3753528871569833,1.3113464856915185
30241,RbFeS2,0.0,23.75,51.360699999999994,3.0,5.405549769374157,6.8434409105026255,6.8434409105026255,210.65256177048303,3.2389427687094905,1.2660027568842354,1.2660027568842354
24966,TePdI2,0.378,51.0,121.957235,3.0,4.308696792309943,7.17701358226087,9.172022360375383,261.2647444248316,6.2010587429479385,2.1287230925010516,1.665704023330263
29685,Cu2SnHgTe4,0.0,49.5,119.59899999999999,4.0,6.303284,6.303284,7.688544362896464,248.91012078598413,6.3829887342996585,1.2197680388344336,1.0
4826,CoTe2,0.0,43.666666666666664,104.71106499999999,2.0,3.89496,5.301416,6.257573,129.21139378311344,8.074062632862587,1.6065820958366708,1.3610963912337994
29579,CrTe4Rh2,0.0,45.99999999999999,109.74387142857142,3.0,4.07488,6.835382712103398,7.058457068982215,159.56040703576141,7.994701983217121,1.7321877132534491,1.677443927699318
21934,EuCuSeF,1.738,33.75,78.36710079999999,4.0,3.967437,3.967437,8.453317,133.05991257419757,7.823942167334707,2.13067453875134,1.0
3103,Ti5Te4,0.0,35.333333333333336,83.30388888888888,2.0,3.721787,7.441646270631989,7.441646270631989,193.21722885064818,6.443339790361346,1.999482041995415,1.999482041995415
14646,NaCu4S4,0.0,21.22222222222222,45.04819658666666,3.0,3.82023300089471,3.8203543330305108,12.113454001079832,153.10435388398355,4.397253224157759,3.170867849747077,1.0000317604019893
6375,Cs2Pd3Se4,1.128,42.666666666666664,100.10121153333333,3.0,6.491484712615443,6.491484712615443,7.8603127664044,262.84718527826874,5.691511407254209,1.2108651740531406,1.0
16814,Sc6Te2Rh,0.0,30.555555555555557,69.760108,3.0,7.758397000124769,7.758397393921118,3.78091,197.09418891690504,5.289625578531129,0.4873313391850399,1.0000000507574374
7089,PdS2Cl6,1.593,20.0,42.58533333333334,3.0,4.397285840382224,6.863280185948844,8.226374197355053,237.13608264493453,2.6838239072193986,1.8707845011594684,1.5607991918379063
15851,Sc6NiTe2,0.0,28.666666666666664,64.84765244444444,3.0,7.780339000046848,7.780339180366175,3.730654,195.5754789042787,4.955317247005382,0.47949761571797017,1.0000000231762816
25728,Na5CuSO2,1.951,12.88888888888889,26.950960711111115,4.0,4.519153,4.519153,8.15667,166.58158197627887,2.417903012284436,1.8049112300468693,1.0
6859,ZnAg2C4S4N4,3.003,16.0,34.23166666666667,5.0,10.586730574947584,10.586730574947584,7.371535960496971,544.6890472309562,3.130759844532591,0.6962995712709414,1.0
7623,Rb2Pd3S4,1.212,30.666666666666664,68.71728888888889,3.0,6.241126578517856,6.210898447608768,7.397448198567125,227.08556747726485,4.522390822107957,1.1852745022075601,0.9951566226820115
14338,Na2ZrCu2S4,0.0,20.444444444444443,43.617282062222216,4.0,3.729443,7.058010869462089,7.10040698713933,166.78593769344639,3.9083259507040866,1.9038786722680385,1.892510723306963
15656,Sr2Cu3S2O2,0.0,23.444444444444443,51.334088888888886,4.0,9.545411684205297,3.917574,3.917574,140.19246278179577,5.472336574190836,0.4104143571389774,0.4104143571389774
16815,Sc6Te2Os,0.0,34.0,79.46283022222221,3.0,7.69192800546677,7.691927886676071,3.851893,197.35873638608533,6.017266976595519,0.5007708076911798,0.9999999845564468
15144,Sr2ZnCu2S2O2,1.039,23.555555555555557,51.541088888888886,5.0,4.019104,4.019104,9.291175586079728,142.88901580467729,5.3907147547648835,2.311752964362139,1.0
15850,Sc6FeTe2,0.0,28.444444444444443,64.53116355555555,3.0,7.714171000548601,7.7141710399648264,3.787582,195.19881459407523,4.940648160324791,0.49099015302235877,1.0000000051095868
23573,Ba2Fe2S2OF2,1.393,24.666666666666668,56.05224515555555,5.0,9.986197618954723,4.137284,4.137284,163.43539807223758,5.125526640581744,0.4143002329682575,0.4143002329682575
6376,Cs2Pt3Se4,1.42,53.33333333333333,129.6558782,3.0,6.646517555049788,6.646517555049788,7.659317744377563,265.05521632495135,7.3105064230108825,1.1523805783915044,1.0
14845,Zr6FeTe2,0.0,41.11111111111111,95.37655555555556,3.0,7.83229000006952,7.832290548568279,3.596674,191.07643856676404,7.459781444131974,0.4592110353380781,1.0000000700304457
23572,Sr2Fe2S2OF2,1.223,20.666666666666668,45.006245155555554,5.0,9.34179704760326,4.056,4.056,146.26124292499202,4.598700533268833,0.4341777047105312,0.4341777047105312
23574,Sr2Fe2Se2OF2,1.221,24.666666666666668,55.42735626666666,5.0,9.642445017392735,4.114854,4.114854,155.65561739936163,5.321707169645181,0.42674383857805337,0.42674383857805337
25727,Na5NiSO2,0.236,12.777777777777779,26.411782933333335,4.0,4.539552,4.539552,8.035287,165.58743688004412,2.3837567897838516,1.7700616712838626,1.0
14861,TiCu4S4,1.472,22.444444444444443,47.81233333333333,3.0,6.540364599605973,5.447173,5.447173,156.84098258059998,4.555877013323545,0.8328546393771636,0.8328546393771636
22482,Ho6MnTe2,0.0,59.0,144.41332944444443,3.0,8.25316300011729,8.253162958932169,4.062986,239.6732069831392,9.004910510041551,0.4922944088154153,0.9999999950097773
15990,Dy6FeTe2,0.0,58.44444444444444,142.89388888888888,3.0,8.320772000156296,8.32077121046517,3.97022,238.05400699661357,8.97077093484757,0.4771456302282317,0.9999999050940073
14484,Cs2ZrAg2Te4,1.583,50.222222222222214,120.35236708888888,4.0,6.611722,6.609699,8.337812827012248,334.5103195526349,5.376958984997467,1.2610652454855555,0.9996940282728161
21571,Nd2Fe2Se2O3,1.355,29.333333333333332,67.34357777777777,4.0,9.672969669603228,4.065204,4.065204,152.63279616094837,6.593863198354844,0.4202643178727912,0.4202643178727912
17756,Nb5Te4,0.0,45.888888888888886,108.32576666666667,2.0,3.680995,7.596726266284116,7.596726266284116,199.96203159551266,8.096099527340149,2.0637697867788782,2.0637697867788782
22291,Pr2Fe2S2O3,1.146,25.11111111111111,56.1815,4.0,9.313378546590759,4.039924,4.039924,144.67661265270286,5.803454794177991,0.43377641956568475,0.43377641956568475
22290,Ce2Fe2S2O3,1.231,24.88888888888889,56.00557777777777,4.0,9.324655528668284,4.062504,4.062504,146.4088502264494,5.716833705765506,0.4356733594619117,0.4356733594619117
22416,Pr2Mn2Se2O3,1.609,28.88888888888889,66.40106555555555,4.0,9.839199671457125,4.139897,4.139897,160.99522097171956,6.163872853906511,0.42075546164690314,0.42075546164690314
7846,MnNb4S8,0.0,24.384615384615387,52.54488961538462,3.0,6.692494184226161,6.692355796463977,12.085297300267339,468.745007369604,4.839675854404448,1.8057987003936016,0.9999793219450962
15657,Sr2Cu2NiS2O2,0.61,23.333333333333336,50.794911111111105,5.0,3.910155,3.910155,9.55849069621308,139.8951877456284,5.426365422956367,2.444529870609497,1.0
11400,Ta2PdS6,0.0,32.0,73.4117511111111,3.0,3.282308,6.415075300556962,9.321750174234289,184.03614413765024,5.961479646736577,2.8399986150703374,1.954440381754839
7992,SrCu2SnS4,0.739,26.25,57.710249999999995,4.0,6.283767000003898,6.2837664128072905,15.486315,529.5644691283826,4.343046275436199,2.464495421295919,0.9999999065534085
13791,Nb5Se4,0.0,37.888888888888886,86.70798888888888,2.0,3.44714,7.270824545854342,7.270824545854342,171.99227890870745,7.534280238970231,2.109233899944401,2.109233899944401
4948,Rb2Pt3S4,1.547,41.33333333333333,98.27195555555555,3.0,6.370524992526518,6.370524992526518,7.336504287860806,234.32743200700298,6.267553831122242,1.1516326042936038,1.0
15359,TaTe2,0.0,59.0,145.38262666666665,2.0,3.657689,7.766548397977379,9.523064613672219,244.2791524885063,8.89442165475879,2.603574173111005,2.123348485335243
12355,La2Fe2Se2O3,1.236,28.666666666666668,66.15768222222222,4.0,9.724563930579562,4.105916,4.105916,156.46499334220246,6.319092362023356,0.42222109179504325,0.42222109179504325
22414,La2Mn2Se2O3,1.931,28.444444444444446,65.95613666666667,4.0,9.795903840955667,4.16995,4.16995,162.436252816154,6.0682554469282595,0.4256830270797339,0.4256830270797339
23774,Gd6NiTe2,0.0,57.33333333333333,139.71037777777775,3.0,8.481077000005897,8.481077330587016,3.920243,244.2003458283735,8.550155236756241,0.46223410069231474,1.000000038978672
6374,Cs2Ni3Se4,0.661,36.666666666666664,84.19234486666664,3.0,6.149467044286847,6.149467044286847,8.031783435856385,244.72088300471148,5.141539561916142,1.3060942319088125,1.0
21719,K2ThCu2S4,1.278,27.777777777777775,62.84296222222221,4.0,4.023555,7.538648255132547,7.593995063371057,208.62820781827028,4.501686304126538,1.887384430776032,1.873628732584132
12097,PtS2Cl6,1.797,23.555555555555554,52.43688888888889,3.0,4.441815335976722,6.820798625672876,8.194524867865555,237.16915962766018,3.304230301713131,1.844859420762849,1.5355880669841113
22415,Ce2Mn2Se2O3,1.83,28.666666666666668,66.22514333333334,4.0,9.830223289830652,4.167616,4.167616,162.8884531231058,6.07609024256888,0.42395944396414587,0.42395944396414587
23571,Ba2Fe2Se2OF2,1.265,28.666666666666668,66.47335626666666,5.0,10.186233123924614,4.210153,4.210153,172.67171043433422,5.753313288022003,0.41331795068694505,0.41331795068694505
7897,V5Te4,0.0,35.888888888888886,85.01194444444444,2.0,3.951741,7.0939022884708525,7.0939022884708525,183.43739646831517,6.926019013212271,1.7951334079006829,1.7951334079006829
